index,2023-06-30 00:00:00,2022-06-30 00:00:00,2021-06-30 00:00:00,2020-06-30 00:00:00,Ticker,2023-09-30 00:00:00,2022-09-30 00:00:00,2021-09-30 00:00:00,2020-09-30 00:00:00,2024-01-31 00:00:00,2023-01-31 00:00:00,2022-01-31 00:00:00,2021-01-31 00:00:00,2023-12-31 00:00:00,2022-12-31 00:00:00,2021-12-31 00:00:00,2020-12-31 00:00:00,2023-08-31 00:00:00,2022-08-31 00:00:00,2021-08-31 00:00:00,2020-08-31 00:00:00
Tax Effect Of Unusual Items,-2850000.0,43420000.0,180160797.164637,4760000.0,MSFT,,,,,,,,,,,,,,,,
Tax Rate For Calcs,0.19,0.13,0.138266,0.17,MSFT,,,,,,,,,,,,,,,,
Normalized EBITDA,105155000000.0,99905000000.0,83831000000.0,68395000000.0,MSFT,,,,,,,,,,,,,,,,
Total Unusual Items,-15000000.0,334000000.0,1303000000.0,28000000.0,MSFT,,,,,,,,,,,,,,,,
Total Unusual Items Excluding Goodwill,-15000000.0,334000000.0,1303000000.0,28000000.0,MSFT,,,,,,,,,,,,,,,,
Net Income From Continuing Operation Net Minority Interest,72361000000.0,72738000000.0,61271000000.0,44281000000.0,MSFT,,,,,,,,,,,,,,,,
Reconciled Depreciation,13861000000.0,14460000000.0,11686000000.0,12796000000.0,MSFT,,,,,,,,,,,,,,,,
Reconciled Cost Of Revenue,65863000000.0,62650000000.0,52232000000.0,46078000000.0,MSFT,,,,,,,,,,,,,,,,
EBITDA,105140000000.0,100239000000.0,85134000000.0,68423000000.0,MSFT,,,,,,,,,,,,,,,,
EBIT,91279000000.0,85779000000.0,73448000000.0,55627000000.0,MSFT,,,,,,,,,,,,,,,,
Net Interest Income,1026000000.0,31000000.0,-215000000.0,89000000.0,MSFT,,,,,,,,,,,,,,,,
Interest Expense,1968000000.0,2063000000.0,2346000000.0,2591000000.0,MSFT,,,,,,,,,,,,,,,,
Interest Income,2994000000.0,2094000000.0,2131000000.0,2680000000.0,MSFT,,,,,,,,,,,,,,,,
Normalized Income,72373150000.0,72447420000.0,60148160797.164635,44257760000.0,MSFT,,,,,,,,,,,,,,,,
Net Income From Continuing And Discontinued Operation,72361000000.0,72738000000.0,61271000000.0,44281000000.0,MSFT,,,,,,,,,,,,,,,,
Total Expenses,123392000000.0,114887000000.0,98172000000.0,90056000000.0,MSFT,,,,,,,,,,,,,,,,
Total Operating Income As Reported,88523000000.0,83383000000.0,69916000000.0,52959000000.0,MSFT,,,,,,,,,,,,,,,,
Diluted Average Shares,7472000000.0,7540000000.0,7608000000.0,7683000000.0,MSFT,,,,,,,,,,,,,,,,
Basic Average Shares,7446000000.0,7496000000.0,7547000000.0,7610000000.0,MSFT,,,,,,,,,,,,,,,,
Diluted EPS,9.68,9.65,8.05,5.76,MSFT,,,,,,,,,,,,,,,,
Basic EPS,9.72,9.7,8.12,5.82,MSFT,,,,,,,,,,,,,,,,
Diluted NI Availto Com Stockholders,72361000000.0,72738000000.0,61271000000.0,44281000000.0,MSFT,,,,,,,,,,,,,,,,
Net Income Common Stockholders,72361000000.0,72738000000.0,61271000000.0,44281000000.0,MSFT,,,,,,,,,,,,,,,,
Net Income,72361000000.0,72738000000.0,61271000000.0,44281000000.0,MSFT,,,,,,,,,,,,,,,,
Net Income Including Noncontrolling Interests,72361000000.0,72738000000.0,61271000000.0,44281000000.0,MSFT,,,,,,,,,,,,,,,,
Net Income Continuous Operations,72361000000.0,72738000000.0,61271000000.0,44281000000.0,MSFT,,,,,,,,,,,,,,,,
Tax Provision,16950000000.0,10978000000.0,9831000000.0,8755000000.0,MSFT,,,,,,,,,,,,,,,,
Pretax Income,89311000000.0,83716000000.0,71102000000.0,53036000000.0,MSFT,,,,,,,,,,,,,,,,
Other Income Expense,-238000000.0,302000000.0,1401000000.0,-12000000.0,MSFT,,,,,,,,,,,,,,,,
Other Non Operating Income Expenses,-223000000.0,-32000000.0,98000000.0,-40000000.0,MSFT,,,,,,,,,,,,,,,,
Special Income Charges,-30000000.0,-101000000.0,-13000000.0,-133000000.0,MSFT,,,,,,,,,,,,,,,,
Write Off,30000000.0,101000000.0,13000000.0,133000000.0,MSFT,,,,,,,,,,,,,,,,
Gain On Sale Of Security,15000000.0,435000000.0,1316000000.0,161000000.0,MSFT,,,,,,,,,,,,,,,,
Net Non Operating Interest Income Expense,1026000000.0,31000000.0,-215000000.0,89000000.0,MSFT,,,,,,,,,,,,,,,,
Interest Expense Non Operating,1968000000.0,2063000000.0,2346000000.0,2591000000.0,MSFT,,,,,,,,,,,,,,,,
Interest Income Non Operating,2994000000.0,2094000000.0,2131000000.0,2680000000.0,MSFT,,,,,,,,,,,,,,,,
Operating Income,88523000000.0,83383000000.0,69916000000.0,52959000000.0,MSFT,,,,,,,,,,,,,,,,
Operating Expense,57529000000.0,52237000000.0,45940000000.0,43978000000.0,MSFT,,,,,,,,,,,,,,,,
Research And Development,27195000000.0,24512000000.0,20716000000.0,19269000000.0,MSFT,,,,,,,,,,,,,,,,
Selling General And Administration,30334000000.0,27725000000.0,25224000000.0,24709000000.0,MSFT,,,,,,,,,,,,,,,,
Selling And Marketing Expense,22759000000.0,21825000000.0,20117000000.0,19598000000.0,MSFT,,,,,,,,,,,,,,,,
General And Administrative Expense,7575000000.0,5900000000.0,5107000000.0,5111000000.0,MSFT,,,,,,,,,,,,,,,,
Other Gand A,7575000000.0,5900000000.0,5107000000.0,5111000000.0,MSFT,,,,,,,,,,,,,,,,
Gross Profit,146052000000.0,135620000000.0,115856000000.0,96937000000.0,MSFT,,,,,,,,,,,,,,,,
Cost Of Revenue,65863000000.0,62650000000.0,52232000000.0,46078000000.0,MSFT,,,,,,,,,,,,,,,,
Total Revenue,211915000000.0,198270000000.0,168088000000.0,143015000000.0,MSFT,,,,,,,,,,,,,,,,
Operating Revenue,211915000000.0,198270000000.0,168088000000.0,143015000000.0,MSFT,,,,,,,,,,,,,,,,
Tax Effect Of Unusual Items,,,,,AAPL,0.0,0.0,0.0,0.0,,,,,,,,,,,,
Tax Rate For Calcs,,,,,AAPL,0.147,0.162,0.133,0.144,,,,,,,,,,,,
Normalized EBITDA,,,,,AAPL,129188000000.0,133138000000.0,123136000000.0,81020000000.0,,,,,,,,,,,,
Net Income From Continuing Operation Net Minority Interest,,,,,AAPL,96995000000.0,99803000000.0,94680000000.0,57411000000.0,,,,,,,,,,,,
Reconciled Depreciation,,,,,AAPL,11519000000.0,11104000000.0,11284000000.0,11056000000.0,,,,,,,,,,,,
Reconciled Cost Of Revenue,,,,,AAPL,214137000000.0,223546000000.0,212981000000.0,169559000000.0,,,,,,,,,,,,
EBITDA,,,,,AAPL,129188000000.0,133138000000.0,123136000000.0,81020000000.0,,,,,,,,,,,,
EBIT,,,,,AAPL,117669000000.0,122034000000.0,111852000000.0,69964000000.0,,,,,,,,,,,,
Net Interest Income,,,,,AAPL,-183000000.0,-106000000.0,198000000.0,890000000.0,,,,,,,,,,,,
Interest Expense,,,,,AAPL,3933000000.0,2931000000.0,2645000000.0,2873000000.0,,,,,,,,,,,,
Interest Income,,,,,AAPL,3750000000.0,2825000000.0,2843000000.0,3763000000.0,,,,,,,,,,,,
Normalized Income,,,,,AAPL,96995000000.0,99803000000.0,94680000000.0,57411000000.0,,,,,,,,,,,,
Net Income From Continuing And Discontinued Operation,,,,,AAPL,96995000000.0,99803000000.0,94680000000.0,57411000000.0,,,,,,,,,,,,
Total Expenses,,,,,AAPL,268984000000.0,274891000000.0,256868000000.0,208227000000.0,,,,,,,,,,,,
Total Operating Income As Reported,,,,,AAPL,114301000000.0,119437000000.0,108949000000.0,66288000000.0,,,,,,,,,,,,
Diluted Average Shares,,,,,AAPL,15812547000.0,16325819000.0,16864919000.0,17528214000.0,,,,,,,,,,,,
Basic Average Shares,,,,,AAPL,15744231000.0,16215963000.0,16701272000.0,17352119000.0,,,,,,,,,,,,
Diluted EPS,,,,,AAPL,6.13,6.11,5.61,3.28,,,,,,,,,,,,
Basic EPS,,,,,AAPL,6.16,6.15,5.67,3.31,,,,,,,,,,,,
Diluted NI Availto Com Stockholders,,,,,AAPL,96995000000.0,99803000000.0,94680000000.0,57411000000.0,,,,,,,,,,,,
Net Income Common Stockholders,,,,,AAPL,96995000000.0,99803000000.0,94680000000.0,57411000000.0,,,,,,,,,,,,
Net Income,,,,,AAPL,96995000000.0,99803000000.0,94680000000.0,57411000000.0,,,,,,,,,,,,
Net Income Including Noncontrolling Interests,,,,,AAPL,96995000000.0,99803000000.0,94680000000.0,57411000000.0,,,,,,,,,,,,
Net Income Continuous Operations,,,,,AAPL,96995000000.0,99803000000.0,94680000000.0,57411000000.0,,,,,,,,,,,,
Tax Provision,,,,,AAPL,16741000000.0,19300000000.0,14527000000.0,9680000000.0,,,,,,,,,,,,
Pretax Income,,,,,AAPL,113736000000.0,119103000000.0,109207000000.0,67091000000.0,,,,,,,,,,,,
Other Income Expense,,,,,AAPL,-382000000.0,-228000000.0,60000000.0,-87000000.0,,,,,,,,,,,,
Other Non Operating Income Expenses,,,,,AAPL,-382000000.0,-228000000.0,60000000.0,-87000000.0,,,,,,,,,,,,
Net Non Operating Interest Income Expense,,,,,AAPL,-183000000.0,-106000000.0,198000000.0,890000000.0,,,,,,,,,,,,
Interest Expense Non Operating,,,,,AAPL,3933000000.0,2931000000.0,2645000000.0,2873000000.0,,,,,,,,,,,,
Interest Income Non Operating,,,,,AAPL,3750000000.0,2825000000.0,2843000000.0,3763000000.0,,,,,,,,,,,,
Operating Income,,,,,AAPL,114301000000.0,119437000000.0,108949000000.0,66288000000.0,,,,,,,,,,,,
Operating Expense,,,,,AAPL,54847000000.0,51345000000.0,43887000000.0,38668000000.0,,,,,,,,,,,,
Research And Development,,,,,AAPL,29915000000.0,26251000000.0,21914000000.0,18752000000.0,,,,,,,,,,,,
Selling General And Administration,,,,,AAPL,24932000000.0,25094000000.0,21973000000.0,19916000000.0,,,,,,,,,,,,
Gross Profit,,,,,AAPL,169148000000.0,170782000000.0,152836000000.0,104956000000.0,,,,,,,,,,,,
Cost Of Revenue,,,,,AAPL,214137000000.0,223546000000.0,212981000000.0,169559000000.0,,,,,,,,,,,,
Total Revenue,,,,,AAPL,383285000000.0,394328000000.0,365817000000.0,274515000000.0,,,,,,,,,,,,
Operating Revenue,,,,,AAPL,383285000000.0,394328000000.0,365817000000.0,274515000000.0,,,,,,,,,,,,
Tax Effect Of Unusual Items,,,,,NVDA,,,,,0.0,-284130000.0,0.0,0.0,,,,,,,,
Tax Rate For Calcs,,,,,NVDA,,,,,0.12,0.21,0.019,0.017,,,,,,,,
Normalized EBITDA,,,,,NVDA,,,,,35583000000.0,7340000000.0,11351000000.0,5691000000.0,,,,,,,,
Total Unusual Items,,,,,NVDA,,,,,0.0,-1353000000.0,0.0,0.0,,,,,,,,
Total Unusual Items Excluding Goodwill,,,,,NVDA,,,,,0.0,-1353000000.0,0.0,0.0,,,,,,,,
Net Income From Continuing Operation Net Minority Interest,,,,,NVDA,,,,,29760000000.0,4368000000.0,9752000000.0,4332000000.0,,,,,,,,
Reconciled Depreciation,,,,,NVDA,,,,,1508000000.0,1544000000.0,1174000000.0,1098000000.0,,,,,,,,
Reconciled Cost Of Revenue,,,,,NVDA,,,,,16621000000.0,11618000000.0,9439000000.0,6279000000.0,,,,,,,,
EBITDA,,,,,NVDA,,,,,35583000000.0,5987000000.0,11351000000.0,5691000000.0,,,,,,,,
EBIT,,,,,NVDA,,,,,34075000000.0,4443000000.0,10177000000.0,4593000000.0,,,,,,,,
Net Interest Income,,,,,NVDA,,,,,609000000.0,5000000.0,-207000000.0,-127000000.0,,,,,,,,
Interest Expense,,,,,NVDA,,,,,257000000.0,262000000.0,236000000.0,184000000.0,,,,,,,,
Interest Income,,,,,NVDA,,,,,866000000.0,267000000.0,29000000.0,57000000.0,,,,,,,,
Normalized Income,,,,,NVDA,,,,,29760000000.0,5436870000.0,9752000000.0,4332000000.0,,,,,,,,
Net Income From Continuing And Discontinued Operation,,,,,NVDA,,,,,29760000000.0,4368000000.0,9752000000.0,4332000000.0,,,,,,,,
Total Expenses,,,,,NVDA,,,,,27950000000.0,21397000000.0,16873000000.0,12143000000.0,,,,,,,,
Total Operating Income As Reported,,,,,NVDA,,,,,32972000000.0,4224000000.0,10041000000.0,4532000000.0,,,,,,,,
Diluted Average Shares,,,,,NVDA,,,,,2494000000.0,2507000000.0,2535000000.0,2512000000.0,,,,,,,,
Basic Average Shares,,,,,NVDA,,,,,2469000000.0,2487000000.0,2496000000.0,2468000000.0,,,,,,,,
Diluted EPS,,,,,NVDA,,,,,11.93,1.74,3.85,1.725,,,,,,,,
Basic EPS,,,,,NVDA,,,,,12.05,1.76,3.91,1.755,,,,,,,,
Diluted NI Availto Com Stockholders,,,,,NVDA,,,,,29760000000.0,4368000000.0,9752000000.0,4332000000.0,,,,,,,,
Net Income Common Stockholders,,,,,NVDA,,,,,29760000000.0,4368000000.0,9752000000.0,4332000000.0,,,,,,,,
Net Income,,,,,NVDA,,,,,29760000000.0,4368000000.0,9752000000.0,4332000000.0,,,,,,,,
Net Income Including Noncontrolling Interests,,,,,NVDA,,,,,29760000000.0,4368000000.0,9752000000.0,4332000000.0,,,,,,,,
Net Income Continuous Operations,,,,,NVDA,,,,,29760000000.0,4368000000.0,9752000000.0,4332000000.0,,,,,,,,
Tax Provision,,,,,NVDA,,,,,4058000000.0,-187000000.0,189000000.0,77000000.0,,,,,,,,
Pretax Income,,,,,NVDA,,,,,33818000000.0,4181000000.0,9941000000.0,4409000000.0,,,,,,,,
Other Income Expense,,,,,NVDA,,,,,237000000.0,-1401000000.0,107000000.0,4000000.0,,,,,,,,
Other Non Operating Income Expenses,,,,,NVDA,,,,,237000000.0,-48000000.0,107000000.0,4000000.0,,,,,,,,
Special Income Charges,,,,,NVDA,,,,,0.0,-1353000000.0,0.0,0.0,,,,,,,,
Restructuring And Mergern Acquisition,,,,,NVDA,,,,,0.0,1353000000.0,0.0,0.0,,,,,,,,
Net Non Operating Interest Income Expense,,,,,NVDA,,,,,609000000.0,5000000.0,-207000000.0,-127000000.0,,,,,,,,
Interest Expense Non Operating,,,,,NVDA,,,,,257000000.0,262000000.0,236000000.0,184000000.0,,,,,,,,
Interest Income Non Operating,,,,,NVDA,,,,,866000000.0,267000000.0,29000000.0,57000000.0,,,,,,,,
Operating Income,,,,,NVDA,,,,,32972000000.0,5577000000.0,10041000000.0,4532000000.0,,,,,,,,
Operating Expense,,,,,NVDA,,,,,11329000000.0,9779000000.0,7434000000.0,5864000000.0,,,,,,,,
Research And Development,,,,,NVDA,,,,,8675000000.0,7339000000.0,5268000000.0,3924000000.0,,,,,,,,
Selling General And Administration,,,,,NVDA,,,,,2654000000.0,2440000000.0,2166000000.0,1940000000.0,,,,,,,,
Gross Profit,,,,,NVDA,,,,,44301000000.0,15356000000.0,17475000000.0,10396000000.0,,,,,,,,
Cost Of Revenue,,,,,NVDA,,,,,16621000000.0,11618000000.0,9439000000.0,6279000000.0,,,,,,,,
Total Revenue,,,,,NVDA,,,,,60922000000.0,26974000000.0,26914000000.0,16675000000.0,,,,,,,,
Operating Revenue,,,,,NVDA,,,,,60922000000.0,26974000000.0,26914000000.0,16675000000.0,,,,,,,,
Tax Effect Of Unusual Items,,,,,GOOG,,,,,,,,,-286479000.0,-981507000.0,1948860000.0,970572126.783412,,,,
Tax Rate For Calcs,,,,,GOOG,,,,,,,,,0.139,0.159,0.162,0.162493,,,,
Normalized EBITDA,,,,,GOOG,,,,,,,,,100032000000.0,91333000000.0,91491000000.0,55941000000.0,,,,
Total Unusual Items,,,,,GOOG,,,,,,,,,-2061000000.0,-6173000000.0,12030000000.0,5973000000.0,,,,
Total Unusual Items Excluding Goodwill,,,,,GOOG,,,,,,,,,-2061000000.0,-6173000000.0,12030000000.0,5973000000.0,,,,
Net Income From Continuing Operation Net Minority Interest,,,,,GOOG,,,,,,,,,73795000000.0,59972000000.0,76033000000.0,40269000000.0,,,,
Reconciled Depreciation,,,,,GOOG,,,,,,,,,11946000000.0,13475000000.0,12441000000.0,13697000000.0,,,,
Reconciled Cost Of Revenue,,,,,GOOG,,,,,,,,,133332000000.0,126203000000.0,110939000000.0,84732000000.0,,,,
EBITDA,,,,,GOOG,,,,,,,,,97971000000.0,85160000000.0,103521000000.0,61914000000.0,,,,
EBIT,,,,,GOOG,,,,,,,,,86025000000.0,71685000000.0,91080000000.0,48217000000.0,,,,
Net Interest Income,,,,,GOOG,,,,,,,,,3557000000.0,1817000000.0,1153000000.0,1730000000.0,,,,
Interest Expense,,,,,GOOG,,,,,,,,,308000000.0,357000000.0,346000000.0,135000000.0,,,,
Interest Income,,,,,GOOG,,,,,,,,,3865000000.0,2174000000.0,1499000000.0,1865000000.0,,,,
Normalized Income,,,,,GOOG,,,,,,,,,75569521000.0,65163493000.0,65951860000.0,35266572126.78341,,,,
Net Income From Continuing And Discontinued Operation,,,,,GOOG,,,,,,,,,73795000000.0,59972000000.0,76033000000.0,40269000000.0,,,,
Total Expenses,,,,,GOOG,,,,,,,,,223101000000.0,207994000000.0,178923000000.0,141303000000.0,,,,
Total Operating Income As Reported,,,,,GOOG,,,,,,,,,84293000000.0,74842000000.0,78714000000.0,41224000000.0,,,,
Diluted Average Shares,,,,,GOOG,,,,,,,,,12722000000.0,13159000000.0,13553473900.0,13740553816.0,,,,
Basic Average Shares,,,,,GOOG,,,,,,,,,12630000000.0,13063000000.0,13352993991.0,13616313872.0,,,,
Diluted EPS,,,,,GOOG,,,,,,,,,5.8,4.56,5.610003,2.930501,,,,
Basic EPS,,,,,GOOG,,,,,,,,,5.84,4.59,5.694003,2.957501,,,,
Diluted NI Availto Com Stockholders,,,,,GOOG,,,,,,,,,73795000000.0,59972000000.0,76033000000.0,40269000000.0,,,,
Net Income Common Stockholders,,,,,GOOG,,,,,,,,,73795000000.0,59972000000.0,76033000000.0,40269000000.0,,,,
Net Income,,,,,GOOG,,,,,,,,,73795000000.0,59972000000.0,76033000000.0,40269000000.0,,,,
Net Income Including Noncontrolling Interests,,,,,GOOG,,,,,,,,,73795000000.0,59972000000.0,76033000000.0,40269000000.0,,,,
Net Income Continuous Operations,,,,,GOOG,,,,,,,,,73795000000.0,59972000000.0,76033000000.0,40269000000.0,,,,
Tax Provision,,,,,GOOG,,,,,,,,,11922000000.0,11356000000.0,14701000000.0,7813000000.0,,,,
Pretax Income,,,,,GOOG,,,,,,,,,85717000000.0,71328000000.0,90734000000.0,48082000000.0,,,,
Other Income Expense,,,,,GOOG,,,,,,,,,-2133000000.0,-5331000000.0,10867000000.0,5128000000.0,,,,
Other Non Operating Income Expenses,,,,,GOOG,,,,,,,,,556000000.0,1179000000.0,-1497000000.0,-1246000000.0,,,,
Special Income Charges,,,,,GOOG,,,,,,,,,,,0.0,0.0,,,,
Earnings From Equity Interest,,,,,GOOG,,,,,,,,,-628000000.0,-337000000.0,334000000.0,401000000.0,,,,
Gain On Sale Of Security,,,,,GOOG,,,,,,,,,-2061000000.0,-6173000000.0,12030000000.0,5973000000.0,,,,
Net Non Operating Interest Income Expense,,,,,GOOG,,,,,,,,,3557000000.0,1817000000.0,1153000000.0,1730000000.0,,,,
Interest Expense Non Operating,,,,,GOOG,,,,,,,,,308000000.0,357000000.0,346000000.0,135000000.0,,,,
Interest Income Non Operating,,,,,GOOG,,,,,,,,,3865000000.0,2174000000.0,1499000000.0,1865000000.0,,,,
Operating Income,,,,,GOOG,,,,,,,,,84293000000.0,74842000000.0,78714000000.0,41224000000.0,,,,
Operating Expense,,,,,GOOG,,,,,,,,,89769000000.0,81791000000.0,67984000000.0,56571000000.0,,,,
Research And Development,,,,,GOOG,,,,,,,,,45427000000.0,39500000000.0,31562000000.0,27573000000.0,,,,
Selling General And Administration,,,,,GOOG,,,,,,,,,44342000000.0,42291000000.0,36422000000.0,28998000000.0,,,,
Selling And Marketing Expense,,,,,GOOG,,,,,,,,,27917000000.0,26567000000.0,22912000000.0,17946000000.0,,,,
General And Administrative Expense,,,,,GOOG,,,,,,,,,16425000000.0,15724000000.0,13510000000.0,11052000000.0,,,,
Other Gand A,,,,,GOOG,,,,,,,,,16425000000.0,15724000000.0,13510000000.0,11052000000.0,,,,
Gross Profit,,,,,GOOG,,,,,,,,,174062000000.0,156633000000.0,146698000000.0,97795000000.0,,,,
Cost Of Revenue,,,,,GOOG,,,,,,,,,133332000000.0,126203000000.0,110939000000.0,84732000000.0,,,,
Total Revenue,,,,,GOOG,,,,,,,,,307394000000.0,282836000000.0,257637000000.0,182527000000.0,,,,
Operating Revenue,,,,,GOOG,,,,,,,,,307394000000.0,282836000000.0,257637000000.0,182527000000.0,,,,
Tax Effect Of Unusual Items,,,,,2222.SR,,,,,,,,,0.0,0.0,0.0,5800000.0,,,,
Tax Rate For Calcs,,,,,2222.SR,,,,,,,,,0.2,0.2,0.2,0.2,,,,
Normalized EBITDA,,,,,2222.SR,,,,,,,,,993293000000.0,1253462000000.0,867100000000.0,459167000000.0,,,,
Total Unusual Items,,,,,2222.SR,,,,,,,,,,,13000000.0,29000000.0,,,,
Total Unusual Items Excluding Goodwill,,,,,2222.SR,,,,,,,,,,,13000000.0,29000000.0,,,,
Net Income From Continuing Operation Net Minority Interest,,,,,2222.SR,,,,,,,,,452753000000.0,597215000000.0,395203000000.0,184926000000.0,,,,
Reconciled Depreciation,,,,,2222.SR,,,,,,,,,97040000000.0,91618000000.0,85521000000.0,76208000000.0,,,,
Reconciled Cost Of Revenue,,,,,2222.SR,,,,,,,,,664788000000.0,684220000000.0,659186000000.0,421638000000.0,,,,
EBITDA,,,,,2222.SR,,,,,,,,,993293000000.0,1253462000000.0,867100000000.0,459196000000.0,,,,
EBIT,,,,,2222.SR,,,,,,,,,896253000000.0,1161844000000.0,781579000000.0,382988000000.0,,,,
Net Interest Income,,,,,2222.SR,,,,,,,,,20204000000.0,4433000000.0,-11250000000.0,-8747000000.0,,,,
Interest Expense,,,,,2222.SR,,,,,,,,,8186000000.0,8882000000.0,12058000000.0,10564000000.0,,,,
Interest Income,,,,,2222.SR,,,,,,,,,22275000000.0,7955000000.0,795000000.0,1817000000.0,,,,
Normalized Income,,,,,2222.SR,,,,,,,,,452753000000.0,597215000000.0,395203000000.0,184902800000.0,,,,
Net Income From Continuing And Discontinued Operation,,,,,2222.SR,,,,,,,,,452753000000.0,597215000000.0,395203000000.0,184926000000.0,,,,
Total Expenses,,,,,2222.SR,,,,,,,,,988086000000.0,1122296000000.0,729840000000.0,478731000000.0,,,,
Rent Expense Supplemental,,,,,2222.SR,,,,,,,,,231795000000.0,341510000000.0,,,,,,
Total Operating Income As Reported,,,,,2222.SR,,,,,,,,,868287000000.0,1144077000000.0,771918000000.0,383360000000.0,,,,
Diluted Average Shares,,,,,2222.SR,,,,,,,,,,241907000000.0,241886700000.0,241859640000.0,,,,
Basic Average Shares,,,,,2222.SR,,,,,,,,,,241907000000.0,241886700000.0,241859640000.0,,,,
Diluted EPS,,,,,2222.SR,,,,,,,,,,2.47,1.636364,0.768595,,,,
Basic EPS,,,,,2222.SR,,,,,,,,,,2.47,1.636364,0.768595,,,,
Diluted NI Availto Com Stockholders,,,,,2222.SR,,,,,,,,,452753000000.0,597215000000.0,395203000000.0,184926000000.0,,,,
Net Income Common Stockholders,,,,,2222.SR,,,,,,,,,452753000000.0,597215000000.0,395203000000.0,184926000000.0,,,,
Otherunder Preferred Stock Dividend,,,,,2222.SR,,,,,,,,,0.0,0.0,0.0,0.0,,,,
Net Income,,,,,2222.SR,,,,,,,,,452753000000.0,597215000000.0,395203000000.0,184926000000.0,,,,
Minority Interests,,,,,2222.SR,,,,,,,,,-2011000000.0,-6790000000.0,-17193000000.0,1163000000.0,,,,
Net Income Including Noncontrolling Interests,,,,,2222.SR,,,,,,,,,454764000000.0,604005000000.0,412396000000.0,183763000000.0,,,,
Net Income Continuous Operations,,,,,2222.SR,,,,,,,,,454764000000.0,604005000000.0,412396000000.0,183763000000.0,,,,
Tax Provision,,,,,2222.SR,,,,,,,,,433303000000.0,548957000000.0,357125000000.0,188661000000.0,,,,
Pretax Income,,,,,2222.SR,,,,,,,,,888067000000.0,1152962000000.0,769521000000.0,372424000000.0,,,,
Net Non Operating Interest Income Expense,,,,,2222.SR,,,,,,,,,20204000000.0,4433000000.0,-11250000000.0,-8747000000.0,,,,
Total Other Finance Cost,,,,,2222.SR,,,,,,,,,-6115000000.0,-5360000000.0,-13000000.0,439000000.0,,,,
Interest Expense Non Operating,,,,,2222.SR,,,,,,,,,8186000000.0,8882000000.0,12058000000.0,10564000000.0,,,,
Interest Income Non Operating,,,,,2222.SR,,,,,,,,,22275000000.0,7955000000.0,795000000.0,1817000000.0,,,,
Operating Income,,,,,2222.SR,,,,,,,,,868287000000.0,1144077000000.0,771918000000.0,383360000000.0,,,,
Operating Expense,,,,,2222.SR,,,,,,,,,323298000000.0,438076000000.0,70654000000.0,57093000000.0,,,,
Other Operating Expenses,,,,,2222.SR,,,,,,,,,9416000000.0,8447000000.0,7285000000.0,7293000000.0,,,,
Research And Development,,,,,2222.SR,,,,,,,,,5197000000.0,4419000000.0,3873000000.0,2830000000.0,,,,
Selling General And Administration,,,,,2222.SR,,,,,,,,,76890000000.0,83700000000.0,59496000000.0,46970000000.0,,,,
Selling And Marketing Expense,,,,,2222.SR,,,,,,,,,76890000000.0,83700000000.0,59496000000.0,46970000000.0,,,,
General And Administrative Expense,,,,,2222.SR,,,,,,,,,,83700000000.0,59496000000.0,46970000000.0,,,,
Rent And Landing Fees,,,,,2222.SR,,,,,,,,,231795000000.0,341510000000.0,,,,,,
Gross Profit,,,,,2222.SR,,,,,,,,,1191585000000.0,1582153000000.0,842572000000.0,440453000000.0,,,,
Cost Of Revenue,,,,,2222.SR,,,,,,,,,664788000000.0,684220000000.0,659186000000.0,421638000000.0,,,,
Total Revenue,,,,,2222.SR,,,,,,,,,1856373000000.0,2266373000000.0,1501758000000.0,862091000000.0,,,,
Operating Revenue,,,,,2222.SR,,,,,,,,,1856373000000.0,2266373000000.0,1501758000000.0,862091000000.0,,,,
Tax Effect Of Unusual Items,,,,,AMZN,,,,,,,,,211380035.679101,-3415860000.0,1839997169.143666,287626230.457441,,,,
Tax Rate For Calcs,,,,,AMZN,,,,,,,,,0.189579,0.21,0.12558,0.118413,,,,
Normalized EBITDA,,,,,AMZN,,,,,,,,,88287000000.0,54618000000.0,59741000000.0,48647000000.0,,,,
Total Unusual Items,,,,,AMZN,,,,,,,,,1115000000.0,-16266000000.0,14652000000.0,2429000000.0,,,,
Total Unusual Items Excluding Goodwill,,,,,AMZN,,,,,,,,,1115000000.0,-16266000000.0,14652000000.0,2429000000.0,,,,
Net Income From Continuing Operation Net Minority Interest,,,,,AMZN,,,,,,,,,30425000000.0,-2722000000.0,33364000000.0,21331000000.0,,,,
Reconciled Depreciation,,,,,AMZN,,,,,,,,,48663000000.0,41921000000.0,34433000000.0,25251000000.0,,,,
Reconciled Cost Of Revenue,,,,,AMZN,,,,,,,,,480980000000.0,446343000000.0,403507000000.0,334564000000.0,,,,
EBITDA,,,,,AMZN,,,,,,,,,89402000000.0,38352000000.0,74393000000.0,51076000000.0,,,,
EBIT,,,,,AMZN,,,,,,,,,40739000000.0,-3569000000.0,39960000000.0,25825000000.0,,,,
Net Interest Income,,,,,AMZN,,,,,,,,,-233000000.0,-1378000000.0,-1361000000.0,-1092000000.0,,,,
Interest Expense,,,,,AMZN,,,,,,,,,3182000000.0,2367000000.0,1809000000.0,1647000000.0,,,,
Interest Income,,,,,AMZN,,,,,,,,,2949000000.0,989000000.0,448000000.0,555000000.0,,,,
Normalized Income,,,,,AMZN,,,,,,,,,29521380035.6791,10128140000.0,20551997169.143665,19189626230.45744,,,,
Net Income From Continuing And Discontinued Operation,,,,,AMZN,,,,,,,,,30425000000.0,-2722000000.0,33364000000.0,21331000000.0,,,,
Total Expenses,,,,,AMZN,,,,,,,,,537933000000.0,501735000000.0,444943000000.0,363165000000.0,,,,
Total Operating Income As Reported,,,,,AMZN,,,,,,,,,36852000000.0,12248000000.0,24879000000.0,22899000000.0,,,,
Diluted Average Shares,,,,,AMZN,,,,,,,,,10492000000.0,10189000000.0,10300000000.0,10200000000.0,,,,
Basic Average Shares,,,,,AMZN,,,,,,,,,10304000000.0,10189000000.0,10120000000.0,10000000000.0,,,,
Diluted EPS,,,,,AMZN,,,,,,,,,2.9,-0.27,3.2405,2.0915,,,,
Basic EPS,,,,,AMZN,,,,,,,,,2.95,-0.27,3.298,2.132,,,,
Diluted NI Availto Com Stockholders,,,,,AMZN,,,,,,,,,30425000000.0,-2722000000.0,33364000000.0,21331000000.0,,,,
Net Income Common Stockholders,,,,,AMZN,,,,,,,,,30425000000.0,-2722000000.0,33364000000.0,21331000000.0,,,,
Net Income,,,,,AMZN,,,,,,,,,30425000000.0,-2722000000.0,33364000000.0,21331000000.0,,,,
Net Income Including Noncontrolling Interests,,,,,AMZN,,,,,,,,,30425000000.0,-2722000000.0,33364000000.0,21331000000.0,,,,
Net Income Continuous Operations,,,,,AMZN,,,,,,,,,30425000000.0,-2722000000.0,33364000000.0,21331000000.0,,,,
Earnings From Equity Interest Net Of Tax,,,,,AMZN,,,,,,,,,-12000000.0,-3000000.0,4000000.0,16000000.0,,,,
Tax Provision,,,,,AMZN,,,,,,,,,7120000000.0,-3217000000.0,4791000000.0,2863000000.0,,,,
Pretax Income,,,,,AMZN,,,,,,,,,37557000000.0,-5936000000.0,38151000000.0,24178000000.0,,,,
Other Income Expense,,,,,AMZN,,,,,,,,,938000000.0,-16806000000.0,14633000000.0,2371000000.0,,,,
Other Non Operating Income Expenses,,,,,AMZN,,,,,,,,,-177000000.0,-540000000.0,-19000000.0,-58000000.0,,,,
Gain On Sale Of Security,,,,,AMZN,,,,,,,,,1115000000.0,-16266000000.0,14652000000.0,2429000000.0,,,,
Net Non Operating Interest Income Expense,,,,,AMZN,,,,,,,,,-233000000.0,-1378000000.0,-1361000000.0,-1092000000.0,,,,
Interest Expense Non Operating,,,,,AMZN,,,,,,,,,3182000000.0,2367000000.0,1809000000.0,1647000000.0,,,,
Interest Income Non Operating,,,,,AMZN,,,,,,,,,2949000000.0,989000000.0,448000000.0,555000000.0,,,,
Operating Income,,,,,AMZN,,,,,,,,,36852000000.0,12248000000.0,24879000000.0,22899000000.0,,,,
Operating Expense,,,,,AMZN,,,,,,,,,56953000000.0,55392000000.0,41436000000.0,28601000000.0,,,,
Other Operating Expenses,,,,,AMZN,,,,,,,,,767000000.0,1263000000.0,62000000.0,-75000000.0,,,,
Research And Development,,,,,AMZN,,,,,,,,,,,,42740000000.0,,,,
Selling General And Administration,,,,,AMZN,,,,,,,,,56186000000.0,54129000000.0,41374000000.0,28676000000.0,,,,
Selling And Marketing Expense,,,,,AMZN,,,,,,,,,44370000000.0,42238000000.0,32551000000.0,22008000000.0,,,,
General And Administrative Expense,,,,,AMZN,,,,,,,,,11816000000.0,11891000000.0,8823000000.0,6668000000.0,,,,
Other Gand A,,,,,AMZN,,,,,,,,,11816000000.0,11891000000.0,8823000000.0,6668000000.0,,,,
Gross Profit,,,,,AMZN,,,,,,,,,93805000000.0,67640000000.0,66315000000.0,51500000000.0,,,,
Cost Of Revenue,,,,,AMZN,,,,,,,,,480980000000.0,446343000000.0,403507000000.0,334564000000.0,,,,
Total Revenue,,,,,AMZN,,,,,,,,,574785000000.0,513983000000.0,469822000000.0,386064000000.0,,,,
Operating Revenue,,,,,AMZN,,,,,,,,,574785000000.0,513983000000.0,469822000000.0,386064000000.0,,,,
Tax Effect Of Unusual Items,,,,,META,,,,,,,,,-64416000.0,-15795000.0,-23380000.0,-15738000.0,,,,
Tax Rate For Calcs,,,,,META,,,,,,,,,0.176,0.195,0.167,0.122,,,,
Normalized EBITDA,,,,,META,,,,,,,,,59418000000.0,37771000000.0,55414000000.0,39662000000.0,,,,
Total Unusual Items,,,,,META,,,,,,,,,-366000000.0,-81000000.0,-140000000.0,-129000000.0,,,,
Total Unusual Items Excluding Goodwill,,,,,META,,,,,,,,,-366000000.0,-81000000.0,-140000000.0,-129000000.0,,,,
Net Income From Continuing Operation Net Minority Interest,,,,,META,,,,,,,,,39098000000.0,23200000000.0,39370000000.0,29146000000.0,,,,
Reconciled Depreciation,,,,,META,,,,,,,,,11178000000.0,8686000000.0,7967000000.0,6862000000.0,,,,
Reconciled Cost Of Revenue,,,,,META,,,,,,,,,25959000000.0,25249000000.0,22649000000.0,16692000000.0,,,,
EBITDA,,,,,META,,,,,,,,,59052000000.0,37690000000.0,55274000000.0,39533000000.0,,,,
EBIT,,,,,META,,,,,,,,,47874000000.0,29004000000.0,47307000000.0,32671000000.0,,,,
Net Interest Income,,,,,META,,,,,,,,,1043000000.0,-44000000.0,671000000.0,638000000.0,,,,
Interest Expense,,,,,META,,,,,,,,,446000000.0,185000000.0,23000000.0,,,,,
Interest Income,,,,,META,,,,,,,,,1639000000.0,461000000.0,484000000.0,672000000.0,,,,
Normalized Income,,,,,META,,,,,,,,,39399584000.0,23265205000.0,39486620000.0,29259262000.0,,,,
Net Income From Continuing And Discontinued Operation,,,,,META,,,,,,,,,39098000000.0,23200000000.0,39370000000.0,29146000000.0,,,,
Total Expenses,,,,,META,,,,,,,,,88151000000.0,87665000000.0,71176000000.0,53294000000.0,,,,
Total Operating Income As Reported,,,,,META,,,,,,,,,46751000000.0,28944000000.0,46753000000.0,32671000000.0,,,,
Diluted Average Shares,,,,,META,,,,,,,,,2629000000.0,2702000000.0,2859000000.0,2888000000.0,,,,
Basic Average Shares,,,,,META,,,,,,,,,2574000000.0,2687000000.0,2815000000.0,2851000000.0,,,,
Diluted EPS,,,,,META,,,,,,,,,14.87,8.59,13.77,10.09,,,,
Basic EPS,,,,,META,,,,,,,,,15.19,8.63,13.99,10.22,,,,
Diluted NI Availto Com Stockholders,,,,,META,,,,,,,,,39098000000.0,23200000000.0,39370000000.0,29146000000.0,,,,
Net Income Common Stockholders,,,,,META,,,,,,,,,39098000000.0,23200000000.0,39370000000.0,29146000000.0,,,,
Otherunder Preferred Stock Dividend,,,,,META,,,,,,,,,,,,0.0,,,,
Net Income,,,,,META,,,,,,,,,39098000000.0,23200000000.0,39370000000.0,29146000000.0,,,,
Net Income Including Noncontrolling Interests,,,,,META,,,,,,,,,39098000000.0,23200000000.0,39370000000.0,29146000000.0,,,,
Net Income Continuous Operations,,,,,META,,,,,,,,,39098000000.0,23200000000.0,39370000000.0,29146000000.0,,,,
Tax Provision,,,,,META,,,,,,,,,8330000000.0,5619000000.0,7914000000.0,4034000000.0,,,,
Pretax Income,,,,,META,,,,,,,,,47428000000.0,28819000000.0,47284000000.0,33180000000.0,,,,
Other Income Expense,,,,,META,,,,,,,,,-366000000.0,-81000000.0,-140000000.0,-129000000.0,,,,
Other Non Operating Income Expenses,,,,,META,,,,,,,,,,-320000000.0,210000000.0,-34000000.0,,,,
Gain On Sale Of Security,,,,,META,,,,,,,,,-366000000.0,-81000000.0,-140000000.0,-129000000.0,,,,
Net Non Operating Interest Income Expense,,,,,META,,,,,,,,,1043000000.0,-44000000.0,671000000.0,638000000.0,,,,
Total Other Finance Cost,,,,,META,,,,,,,,,150000000.0,320000000.0,-210000000.0,34000000.0,,,,
Interest Expense Non Operating,,,,,META,,,,,,,,,446000000.0,185000000.0,23000000.0,,,,,
Interest Income Non Operating,,,,,META,,,,,,,,,1639000000.0,461000000.0,484000000.0,672000000.0,,,,
Operating Income,,,,,META,,,,,,,,,46751000000.0,28944000000.0,46753000000.0,32671000000.0,,,,
Operating Expense,,,,,META,,,,,,,,,62192000000.0,62416000000.0,48527000000.0,36602000000.0,,,,
Research And Development,,,,,META,,,,,,,,,38483000000.0,35338000000.0,24655000000.0,18447000000.0,,,,
Selling General And Administration,,,,,META,,,,,,,,,23709000000.0,27078000000.0,23872000000.0,18155000000.0,,,,
Selling And Marketing Expense,,,,,META,,,,,,,,,12301000000.0,15262000000.0,14043000000.0,11591000000.0,,,,
General And Administrative Expense,,,,,META,,,,,,,,,11408000000.0,11816000000.0,9829000000.0,6564000000.0,,,,
Other Gand A,,,,,META,,,,,,,,,11408000000.0,11816000000.0,9829000000.0,6564000000.0,,,,
Gross Profit,,,,,META,,,,,,,,,108943000000.0,91360000000.0,95280000000.0,69273000000.0,,,,
Cost Of Revenue,,,,,META,,,,,,,,,25959000000.0,25249000000.0,22649000000.0,16692000000.0,,,,
Total Revenue,,,,,META,,,,,,,,,134902000000.0,116609000000.0,117929000000.0,85965000000.0,,,,
Operating Revenue,,,,,META,,,,,,,,,133844000000.0,115801000000.0,117208000000.0,85308000000.0,,,,
Tax Effect Of Unusual Items,,,,,BRK-B,,,,,,,,,0.0,0.0,0.0,-2379633000.0,,,,
Tax Rate For Calcs,,,,,BRK-B,,,,,,,,,0.19156,0.278754,0.187,0.223,,,,
Total Unusual Items,,,,,BRK-B,,,,,,,,,,0.0,0.0,-10671000000.0,,,,
Total Unusual Items Excluding Goodwill,,,,,BRK-B,,,,,,,,,,0.0,0.0,-10671000000.0,,,,
Net Income From Continuing Operation Net Minority Interest,,,,,BRK-B,,,,,,,,,96223000000.0,-22759000000.0,89937000000.0,42521000000.0,,,,
Reconciled Depreciation,,,,,BRK-B,,,,,,,,,12486000000.0,10899000000.0,10718000000.0,10596000000.0,,,,
EBIT,,,,,BRK-B,,,,,,,,,125169000000.0,-26148000000.0,116033000000.0,59776000000.0,,,,
Net Interest Income,,,,,BRK-B,,,,,,,,,-5003000000.0,-4352000000.0,-4172000000.0,-4083000000.0,,,,
Interest Expense,,,,,BRK-B,,,,,,,,,5003000000.0,4352000000.0,4172000000.0,4083000000.0,,,,
Interest Income,,,,,BRK-B,,,,,,,,,15561000000.0,10263000000.0,7465000000.0,8092000000.0,,,,
Normalized Income,,,,,BRK-B,,,,,,,,,96223000000.0,-22759000000.0,89937000000.0,50812367000.0,,,,
Net Income From Continuing And Discontinued Operation,,,,,BRK-B,,,,,,,,,96223000000.0,-22759000000.0,89937000000.0,42521000000.0,,,,
Total Expenses,,,,,BRK-B,,,,,,,,,319171000000.0,264621000000.0,242866000000.0,230632000000.0,,,,
Rent Expense Supplemental,,,,,BRK-B,,,,,,,,,6037000000.0,5550000000.0,4201000000.0,3520000000.0,,,,
Diluted Average Shares,,,,,BRK-B,,,,,,,,,,2203312898.0,2265268867.0,2391702304.0,,,,
Basic Average Shares,,,,,BRK-B,,,,,,,,,,2203312898.0,2265268867.0,2391702304.0,,,,
Diluted EPS,,,,,BRK-B,,,,,,,,,,-10.329338,39.702687,17.778676,,,,
Basic EPS,,,,,BRK-B,,,,,,,,,,-10.329338,39.702687,17.778676,,,,
Diluted NI Availto Com Stockholders,,,,,BRK-B,,,,,,,,,96223000000.0,-22759000000.0,89937000000.0,42521000000.0,,,,
Net Income Common Stockholders,,,,,BRK-B,,,,,,,,,96223000000.0,-22759000000.0,89937000000.0,42521000000.0,,,,
Net Income,,,,,BRK-B,,,,,,,,,96223000000.0,-22759000000.0,89937000000.0,42521000000.0,,,,
Minority Interests,,,,,BRK-B,,,,,,,,,-924000000.0,-761000000.0,-1012000000.0,-732000000.0,,,,
Net Income Including Noncontrolling Interests,,,,,BRK-B,,,,,,,,,97147000000.0,-21998000000.0,90949000000.0,43253000000.0,,,,
Net Income Continuous Operations,,,,,BRK-B,,,,,,,,,97147000000.0,-21998000000.0,90949000000.0,43253000000.0,,,,
Tax Provision,,,,,BRK-B,,,,,,,,,23019000000.0,-8502000000.0,20912000000.0,12440000000.0,,,,
Pretax Income,,,,,BRK-B,,,,,,,,,120166000000.0,-30500000000.0,111861000000.0,55693000000.0,,,,
Other Income Expense,,,,,BRK-B,,,,,,,,,260587000000.0,211857000000.0,193099000000.0,168543000000.0,,,,
Special Income Charges,,,,,BRK-B,,,,,,,,,,0.0,0.0,-10671000000.0,,,,
Impairment Of Capital Assets,,,,,BRK-B,,,,,,,,,,0.0,0.0,10671000000.0,,,,
Net Non Operating Interest Income Expense,,,,,BRK-B,,,,,,,,,-5003000000.0,-4352000000.0,-4172000000.0,-4083000000.0,,,,
Interest Expense Non Operating,,,,,BRK-B,,,,,,,,,5003000000.0,4352000000.0,4172000000.0,4083000000.0,,,,
Other Operating Expenses,,,,,BRK-B,,,,,,,,,211013000000.0,162481000000.0,148189000000.0,130645000000.0,,,,
Selling General And Administration,,,,,BRK-B,,,,,,,,,28642000000.0,25056000000.0,23044000000.0,23329000000.0,,,,
Selling And Marketing Expense,,,,,BRK-B,,,,,,,,,22605000000.0,19506000000.0,18843000000.0,19809000000.0,,,,
General And Administrative Expense,,,,,BRK-B,,,,,,,,,6037000000.0,5550000000.0,4201000000.0,3520000000.0,,,,
Other Gand A,,,,,BRK-B,,,,,,,,,6037000000.0,5550000000.0,4201000000.0,3520000000.0,,,,
Total Revenue,,,,,BRK-B,,,,,,,,,439337000000.0,234121000000.0,354727000000.0,286325000000.0,,,,
Operating Revenue,,,,,BRK-B,,,,,,,,,439337000000.0,234121000000.0,354727000000.0,286325000000.0,,,,
Tax Effect Of Unusual Items,,,,,TSLA,,,,,,,,,0.0,-14080000.0,2970000.0,0.0,,,,
Tax Rate For Calcs,,,,,TSLA,,,,,,,,,0.21,0.08,0.11,0.25,,,,
Normalized EBITDA,,,,,TSLA,,,,,,,,,14796000000.0,17833000000.0,9598000000.0,4224000000.0,,,,
Total Unusual Items,,,,,TSLA,,,,,,,,,0.0,-176000000.0,27000000.0,0.0,,,,
Total Unusual Items Excluding Goodwill,,,,,TSLA,,,,,,,,,0.0,-176000000.0,27000000.0,0.0,,,,
Net Income From Continuing Operation Net Minority Interest,,,,,TSLA,,,,,,,,,14999000000.0,12583000000.0,5524000000.0,721000000.0,,,,
Reconciled Depreciation,,,,,TSLA,,,,,,,,,4667000000.0,3747000000.0,2911000000.0,2322000000.0,,,,
Reconciled Cost Of Revenue,,,,,TSLA,,,,,,,,,79113000000.0,60609000000.0,40217000000.0,24906000000.0,,,,
EBITDA,,,,,TSLA,,,,,,,,,14796000000.0,17657000000.0,9625000000.0,4224000000.0,,,,
EBIT,,,,,TSLA,,,,,,,,,10129000000.0,13910000000.0,6714000000.0,1902000000.0,,,,
Net Interest Income,,,,,TSLA,,,,,,,,,910000000.0,106000000.0,-315000000.0,-718000000.0,,,,
Interest Expense,,,,,TSLA,,,,,,,,,156000000.0,191000000.0,371000000.0,748000000.0,,,,
Interest Income,,,,,TSLA,,,,,,,,,1066000000.0,297000000.0,56000000.0,30000000.0,,,,
Normalized Income,,,,,TSLA,,,,,,,,,14999000000.0,12744920000.0,5499970000.0,721000000.0,,,,
Net Income From Continuing And Discontinued Operation,,,,,TSLA,,,,,,,,,14999000000.0,12583000000.0,5524000000.0,721000000.0,,,,
Total Expenses,,,,,TSLA,,,,,,,,,87882000000.0,67630000000.0,47327000000.0,29542000000.0,,,,
Total Operating Income As Reported,,,,,TSLA,,,,,,,,,8891000000.0,13656000000.0,6523000000.0,-1994000000.0,,,,
Diluted Average Shares,,,,,TSLA,,,,,,,,,,3475000000.0,3386000000.0,3249000000.0,,,,
Basic Average Shares,,,,,TSLA,,,,,,,,,,3130000000.0,2959000000.0,2799000000.0,,,,
Diluted EPS,,,,,TSLA,,,,,,,,,,3.62,1.63,0.213333,,,,
Basic EPS,,,,,TSLA,,,,,,,,,,4.02,1.87,0.246667,,,,
Diluted NI Availto Com Stockholders,,,,,TSLA,,,,,,,,,14999000000.0,12584000000.0,5533000000.0,721000000.0,,,,
Average Dilution Earnings,,,,,TSLA,,,,,,,,,0.0,1000000.0,9000000.0,,,,,
Net Income Common Stockholders,,,,,TSLA,,,,,,,,,14999000000.0,12583000000.0,5524000000.0,721000000.0,,,,
Net Income,,,,,TSLA,,,,,,,,,14999000000.0,12583000000.0,5524000000.0,721000000.0,,,,
Minority Interests,,,,,TSLA,,,,,,,,,25000000.0,-4000000.0,-120000000.0,-141000000.0,,,,
Net Income Including Noncontrolling Interests,,,,,TSLA,,,,,,,,,14974000000.0,12587000000.0,5644000000.0,862000000.0,,,,
Net Income Continuous Operations,,,,,TSLA,,,,,,,,,14974000000.0,12587000000.0,5644000000.0,862000000.0,,,,
Tax Provision,,,,,TSLA,,,,,,,,,-5001000000.0,1132000000.0,699000000.0,292000000.0,,,,
Pretax Income,,,,,TSLA,,,,,,,,,9973000000.0,13719000000.0,6343000000.0,1154000000.0,,,,
Other Income Expense,,,,,TSLA,,,,,,,,,172000000.0,-219000000.0,162000000.0,-122000000.0,,,,
Other Non Operating Income Expenses,,,,,TSLA,,,,,,,,,172000000.0,-43000000.0,135000000.0,-122000000.0,,,,
Special Income Charges,,,,,TSLA,,,,,,,,,0.0,-176000000.0,27000000.0,0.0,,,,
Restructuring And Mergern Acquisition,,,,,TSLA,,,,,,,,,0.0,176000000.0,-27000000.0,0.0,,,,
Net Non Operating Interest Income Expense,,,,,TSLA,,,,,,,,,910000000.0,106000000.0,-315000000.0,-718000000.0,,,,
Interest Expense Non Operating,,,,,TSLA,,,,,,,,,156000000.0,191000000.0,371000000.0,748000000.0,,,,
Interest Income Non Operating,,,,,TSLA,,,,,,,,,1066000000.0,297000000.0,56000000.0,30000000.0,,,,
Operating Income,,,,,TSLA,,,,,,,,,8891000000.0,13832000000.0,6496000000.0,1994000000.0,,,,
Operating Expense,,,,,TSLA,,,,,,,,,8769000000.0,7021000000.0,7110000000.0,4636000000.0,,,,
Research And Development,,,,,TSLA,,,,,,,,,3969000000.0,3075000000.0,2593000000.0,1491000000.0,,,,
Selling General And Administration,,,,,TSLA,,,,,,,,,4800000000.0,3946000000.0,4517000000.0,3145000000.0,,,,
Gross Profit,,,,,TSLA,,,,,,,,,17660000000.0,20853000000.0,13606000000.0,6630000000.0,,,,
Cost Of Revenue,,,,,TSLA,,,,,,,,,79113000000.0,60609000000.0,40217000000.0,24906000000.0,,,,
Total Revenue,,,,,TSLA,,,,,,,,,96773000000.0,81462000000.0,53823000000.0,31536000000.0,,,,
Operating Revenue,,,,,TSLA,,,,,,,,,96773000000.0,81462000000.0,53823000000.0,31536000000.0,,,,
Tax Effect Of Unusual Items,,,,,V,-44034000.0,-176225000.0,179946000.0,45368000.0,,,,,,,,,,,,
Tax Rate For Calcs,,,,,V,0.179,0.175,0.234,0.212,,,,,,,,,,,,
Normalized EBITDA,,,,,V,22870000000.0,20542000000.0,16611000000.0,14859000000.0,,,,,,,,,,,,
Total Unusual Items,,,,,V,-246000000.0,-1007000000.0,769000000.0,214000000.0,,,,,,,,,,,,
Total Unusual Items Excluding Goodwill,,,,,V,-246000000.0,-1007000000.0,769000000.0,214000000.0,,,,,,,,,,,,
Net Income From Continuing Operation Net Minority Interest,,,,,V,17273000000.0,14957000000.0,12311000000.0,10866000000.0,,,,,,,,,,,,
Reconciled Depreciation,,,,,V,943000000.0,861000000.0,804000000.0,767000000.0,,,,,,,,,,,,
Reconciled Cost Of Revenue,,,,,V,6567000000.0,5733000000.0,4970000000.0,4512000000.0,,,,,,,,,,,,
EBITDA,,,,,V,22624000000.0,19535000000.0,17380000000.0,15073000000.0,,,,,,,,,,,,
EBIT,,,,,V,21681000000.0,18674000000.0,16576000000.0,14306000000.0,,,,,,,,,,,,
Net Interest Income,,,,,V,-644000000.0,-538000000.0,-513000000.0,-516000000.0,,,,,,,,,,,,
Interest Expense,,,,,V,644000000.0,538000000.0,513000000.0,516000000.0,,,,,,,,,,,,
Normalized Income,,,,,V,17474966000.0,15787775000.0,11721946000.0,10697368000.0,,,,,,,,,,,,
Net Income From Continuing And Discontinued Operation,,,,,V,17273000000.0,14957000000.0,12311000000.0,10866000000.0,,,,,,,,,,,,
Total Expenses,,,,,V,10726000000.0,9629000000.0,8298000000.0,7754000000.0,,,,,,,,,,,,
Total Operating Income As Reported,,,,,V,21000000000.0,18813000000.0,15804000000.0,14081000000.0,,,,,,,,,,,,
Diluted Average Shares,,,,,V,2085000000.0,2136000000.0,2188000000.0,2223000000.0,,,,,,,,,,,,
Basic Average Shares,,,,,V,1618000000.0,1651000000.0,1691000000.0,2139000000.0,,,,,,,,,,,,
Diluted EPS,,,,,V,8.28,7.0,5.63,4.89,,,,,,,,,,,,
Basic EPS,,,,,V,8.29,7.01,5.63,4.9,,,,,,,,,,,,
Diluted NI Availto Com Stockholders,,,,,V,17273000000.0,14957000000.0,12311000000.0,10866000000.0,,,,,,,,,,,,
Net Income Common Stockholders,,,,,V,17273000000.0,14957000000.0,12311000000.0,10866000000.0,,,,,,,,,,,,
Net Income,,,,,V,17273000000.0,14957000000.0,12311000000.0,10866000000.0,,,,,,,,,,,,
Net Income Including Noncontrolling Interests,,,,,V,17273000000.0,14957000000.0,12311000000.0,10866000000.0,,,,,,,,,,,,
Net Income Continuous Operations,,,,,V,17273000000.0,14957000000.0,12311000000.0,10866000000.0,,,,,,,,,,,,
Tax Provision,,,,,V,3764000000.0,3179000000.0,3752000000.0,2924000000.0,,,,,,,,,,,,
Pretax Income,,,,,V,21037000000.0,18136000000.0,16063000000.0,13790000000.0,,,,,,,,,,,,
Other Income Expense,,,,,V,-246000000.0,-1007000000.0,769000000.0,214000000.0,,,,,,,,,,,,
Special Income Charges,,,,,V,-927000000.0,-868000000.0,-3000000.0,-11000000.0,,,,,,,,,,,,
Other Special Charges,,,,,V,927000000.0,868000000.0,3000000.0,11000000.0,,,,,,,,,,,,
Gain On Sale Of Security,,,,,V,681000000.0,-139000000.0,772000000.0,225000000.0,,,,,,,,,,,,
Net Non Operating Interest Income Expense,,,,,V,-644000000.0,-538000000.0,-513000000.0,-516000000.0,,,,,,,,,,,,
Interest Expense Non Operating,,,,,V,644000000.0,538000000.0,513000000.0,516000000.0,,,,,,,,,,,,
Operating Income,,,,,V,21927000000.0,19681000000.0,15807000000.0,14092000000.0,,,,,,,,,,,,
Operating Expense,,,,,V,4159000000.0,3896000000.0,3328000000.0,3242000000.0,,,,,,,,,,,,
Depreciation Amortization Depletion Income Statement,,,,,V,943000000.0,861000000.0,804000000.0,767000000.0,,,,,,,,,,,,
Depreciation And Amortization In Income Statement,,,,,V,943000000.0,861000000.0,804000000.0,767000000.0,,,,,,,,,,,,
Selling General And Administration,,,,,V,3216000000.0,3035000000.0,2524000000.0,2475000000.0,,,,,,,,,,,,
Selling And Marketing Expense,,,,,V,1341000000.0,1336000000.0,1136000000.0,971000000.0,,,,,,,,,,,,
General And Administrative Expense,,,,,V,1875000000.0,1699000000.0,1388000000.0,1504000000.0,,,,,,,,,,,,
Other Gand A,,,,,V,1875000000.0,1699000000.0,1388000000.0,1504000000.0,,,,,,,,,,,,
Gross Profit,,,,,V,26086000000.0,23577000000.0,19135000000.0,17334000000.0,,,,,,,,,,,,
Cost Of Revenue,,,,,V,6567000000.0,5733000000.0,4970000000.0,4512000000.0,,,,,,,,,,,,
Total Revenue,,,,,V,32653000000.0,29310000000.0,24105000000.0,21846000000.0,,,,,,,,,,,,
Operating Revenue,,,,,V,42471000000.0,37614000000.0,30797000000.0,27078000000.0,,,,,,,,,,,,
Tax Effect Of Unusual Items,,,,,MA,,,,,,,,,-73211000.0,-83468000.0,80227000.0,-4872000.0,,,,
Tax Rate For Calcs,,,,,MA,,,,,,,,,0.179,0.154,0.157,0.174,,,,
Normalized EBITDA,,,,,MA,,,,,,,,,15422000000.0,13495000000.0,10953000000.0,8748000000.0,,,,
Total Unusual Items,,,,,MA,,,,,,,,,-409000000.0,-542000000.0,511000000.0,-28000000.0,,,,
Total Unusual Items Excluding Goodwill,,,,,MA,,,,,,,,,-409000000.0,-542000000.0,511000000.0,-28000000.0,,,,
Net Income From Continuing Operation Net Minority Interest,,,,,MA,,,,,,,,,11195000000.0,9930000000.0,8687000000.0,6411000000.0,,,,
Reconciled Depreciation,,,,,MA,,,,,,,,,799000000.0,750000000.0,726000000.0,580000000.0,,,,
Reconciled Cost Of Revenue,,,,,MA,,,,,,,,,6022000000.0,5263000000.0,4489000000.0,3787000000.0,,,,
EBITDA,,,,,MA,,,,,,,,,15013000000.0,12953000000.0,11464000000.0,8720000000.0,,,,
EBIT,,,,,MA,,,,,,,,,14214000000.0,12203000000.0,10738000000.0,8140000000.0,,,,
Net Interest Income,,,,,MA,,,,,,,,,-575000000.0,-471000000.0,-431000000.0,-380000000.0,,,,
Interest Expense,,,,,MA,,,,,,,,,575000000.0,471000000.0,431000000.0,380000000.0,,,,
Normalized Income,,,,,MA,,,,,,,,,11530789000.0,10388532000.0,8256227000.0,6434128000.0,,,,
Net Income From Continuing And Discontinued Operation,,,,,MA,,,,,,,,,11195000000.0,9930000000.0,8687000000.0,6411000000.0,,,,
Total Expenses,,,,,MA,,,,,,,,,10468000000.0,9515000000.0,8657000000.0,7138000000.0,,,,
Total Operating Income As Reported,,,,,MA,,,,,,,,,14008000000.0,12264000000.0,10082000000.0,8081000000.0,,,,
Diluted Average Shares,,,,,MA,,,,,,,,,,971000000.0,992000000.0,1006000000.0,,,,
Basic Average Shares,,,,,MA,,,,,,,,,,968000000.0,988000000.0,1002000000.0,,,,
Diluted EPS,,,,,MA,,,,,,,,,,10.22,8.76,6.37,,,,
Basic EPS,,,,,MA,,,,,,,,,,10.26,8.79,6.4,,,,
Diluted NI Availto Com Stockholders,,,,,MA,,,,,,,,,11195000000.0,9930000000.0,8687000000.0,6411000000.0,,,,
Net Income Common Stockholders,,,,,MA,,,,,,,,,11195000000.0,9930000000.0,8687000000.0,6411000000.0,,,,
Net Income,,,,,MA,,,,,,,,,11195000000.0,9930000000.0,8687000000.0,6411000000.0,,,,
Net Income Including Noncontrolling Interests,,,,,MA,,,,,,,,,11195000000.0,9930000000.0,8687000000.0,6411000000.0,,,,
Net Income Continuous Operations,,,,,MA,,,,,,,,,11195000000.0,9930000000.0,8687000000.0,6411000000.0,,,,
Tax Provision,,,,,MA,,,,,,,,,2444000000.0,1802000000.0,1620000000.0,1349000000.0,,,,
Pretax Income,,,,,MA,,,,,,,,,13639000000.0,11732000000.0,10307000000.0,7760000000.0,,,,
Other Income Expense,,,,,MA,,,,,,,,,-416000000.0,-519000000.0,511000000.0,-23000000.0,,,,
Other Non Operating Income Expenses,,,,,MA,,,,,,,,,-7000000.0,23000000.0,,5000000.0,,,,
Special Income Charges,,,,,MA,,,,,,,,,-539000000.0,-356000000.0,-94000000.0,-73000000.0,,,,
Other Special Charges,,,,,MA,,,,,,,,,539000000.0,356000000.0,94000000.0,73000000.0,,,,
Gain On Sale Of Security,,,,,MA,,,,,,,,,130000000.0,-186000000.0,605000000.0,45000000.0,,,,
Net Non Operating Interest Income Expense,,,,,MA,,,,,,,,,-575000000.0,-471000000.0,-431000000.0,-380000000.0,,,,
Interest Expense Non Operating,,,,,MA,,,,,,,,,575000000.0,471000000.0,431000000.0,380000000.0,,,,
Operating Income,,,,,MA,,,,,,,,,14630000000.0,12722000000.0,10227000000.0,8163000000.0,,,,
Operating Expense,,,,,MA,,,,,,,,,4446000000.0,4252000000.0,4168000000.0,3351000000.0,,,,
Depreciation Amortization Depletion Income Statement,,,,,MA,,,,,,,,,799000000.0,750000000.0,726000000.0,580000000.0,,,,
Depreciation And Amortization In Income Statement,,,,,MA,,,,,,,,,799000000.0,750000000.0,726000000.0,580000000.0,,,,
Selling General And Administration,,,,,MA,,,,,,,,,3647000000.0,3502000000.0,3442000000.0,2771000000.0,,,,
Selling And Marketing Expense,,,,,MA,,,,,,,,,825000000.0,789000000.0,895000000.0,657000000.0,,,,
General And Administrative Expense,,,,,MA,,,,,,,,,2822000000.0,2713000000.0,2547000000.0,2114000000.0,,,,
Other Gand A,,,,,MA,,,,,,,,,2822000000.0,2713000000.0,2547000000.0,2114000000.0,,,,
Gross Profit,,,,,MA,,,,,,,,,19076000000.0,16974000000.0,14395000000.0,11514000000.0,,,,
Cost Of Revenue,,,,,MA,,,,,,,,,6022000000.0,5263000000.0,4489000000.0,3787000000.0,,,,
Total Revenue,,,,,MA,,,,,,,,,25098000000.0,22237000000.0,18884000000.0,15301000000.0,,,,
Operating Revenue,,,,,MA,,,,,,,,,25098000000.0,22237000000.0,18884000000.0,18899000000.0,,,,
Tax Effect Of Unusual Items,,,,,COST,,,,,,,,,,,,,7511000.0,26076000.0,13440000.0,1708000.0
Tax Rate For Calcs,,,,,COST,,,,,,,,,,,,,0.259,0.246,0.24,0.244
Normalized EBITDA,,,,,COST,,,,,,,,,,,,,10695000000.0,9792000000.0,8576000000.0,7169000000.0
Total Unusual Items,,,,,COST,,,,,,,,,,,,,29000000.0,106000000.0,56000000.0,7000000.0
Total Unusual Items Excluding Goodwill,,,,,COST,,,,,,,,,,,,,29000000.0,106000000.0,56000000.0,7000000.0
Net Income From Continuing Operation Net Minority Interest,,,,,COST,,,,,,,,,,,,,6292000000.0,5844000000.0,5007000000.0,4002000000.0
Reconciled Depreciation,,,,,COST,,,,,,,,,,,,,2077000000.0,1900000000.0,1781000000.0,1645000000.0
Reconciled Cost Of Revenue,,,,,COST,,,,,,,,,,,,,212586000000.0,199382000000.0,170684000000.0,144939000000.0
EBITDA,,,,,COST,,,,,,,,,,,,,10724000000.0,9898000000.0,8632000000.0,7176000000.0
EBIT,,,,,COST,,,,,,,,,,,,,8647000000.0,7998000000.0,6851000000.0,5531000000.0
Net Interest Income,,,,,COST,,,,,,,,,,,,,344000000.0,-59000000.0,-84000000.0,-75000000.0
Interest Expense,,,,,COST,,,,,,,,,,,,,160000000.0,158000000.0,171000000.0,164000000.0
Interest Income,,,,,COST,,,,,,,,,,,,,504000000.0,99000000.0,87000000.0,89000000.0
Normalized Income,,,,,COST,,,,,,,,,,,,,6270511000.0,5764076000.0,4964440000.0,3996708000.0
Net Income From Continuing And Discontinued Operation,,,,,COST,,,,,,,,,,,,,6292000000.0,5844000000.0,5007000000.0,4002000000.0
Total Expenses,,,,,COST,,,,,,,,,,,,,234176000000.0,219161000000.0,189221000000.0,161326000000.0
Total Operating Income As Reported,,,,,COST,,,,,,,,,,,,,8114000000.0,7793000000.0,6708000000.0,5435000000.0
Diluted Average Shares,,,,,COST,,,,,,,,,,,,,444452000.0,444757000.0,444346000.0,443901000.0
Basic Average Shares,,,,,COST,,,,,,,,,,,,,443854000.0,443651000.0,443089000.0,442297000.0
Diluted EPS,,,,,COST,,,,,,,,,,,,,14.16,13.14,11.27,9.02
Basic EPS,,,,,COST,,,,,,,,,,,,,14.18,13.17,11.3,9.05
Diluted NI Availto Com Stockholders,,,,,COST,,,,,,,,,,,,,6292000000.0,5844000000.0,5007000000.0,4002000000.0
Net Income Common Stockholders,,,,,COST,,,,,,,,,,,,,6292000000.0,5844000000.0,5007000000.0,4002000000.0
Net Income,,,,,COST,,,,,,,,,,,,,6292000000.0,5844000000.0,5007000000.0,4002000000.0
Minority Interests,,,,,COST,,,,,,,,,,,,,0.0,-71000000.0,-72000000.0,-57000000.0
Net Income Including Noncontrolling Interests,,,,,COST,,,,,,,,,,,,,6292000000.0,5915000000.0,5079000000.0,4059000000.0
Net Income Continuous Operations,,,,,COST,,,,,,,,,,,,,6292000000.0,5915000000.0,5079000000.0,4059000000.0
Tax Provision,,,,,COST,,,,,,,,,,,,,2195000000.0,1925000000.0,1601000000.0,1308000000.0
Pretax Income,,,,,COST,,,,,,,,,,,,,8487000000.0,7840000000.0,6680000000.0,5367000000.0
Other Income Expense,,,,,COST,,,,,,,,,,,,,29000000.0,106000000.0,56000000.0,7000000.0
Other Non Operating Income Expenses,,,,,COST,,,,,,,,,,,,,,38000000.0,46000000.0,-4000000.0
Gain On Sale Of Security,,,,,COST,,,,,,,,,,,,,29000000.0,106000000.0,56000000.0,7000000.0
Net Non Operating Interest Income Expense,,,,,COST,,,,,,,,,,,,,344000000.0,-59000000.0,-84000000.0,-75000000.0
Total Other Finance Cost,,,,,COST,,,,,,,,,,,,,-34000000.0,-38000000.0,-46000000.0,4000000.0
Interest Expense Non Operating,,,,,COST,,,,,,,,,,,,,160000000.0,158000000.0,171000000.0,164000000.0
Interest Income Non Operating,,,,,COST,,,,,,,,,,,,,504000000.0,99000000.0,87000000.0,89000000.0
Operating Income,,,,,COST,,,,,,,,,,,,,8114000000.0,7793000000.0,6708000000.0,5435000000.0
Operating Expense,,,,,COST,,,,,,,,,,,,,21590000000.0,19779000000.0,18537000000.0,16387000000.0
Other Operating Expenses,,,,,COST,,,,,,,,,,,,,,,76000000.0,55000000.0
Selling General And Administration,,,,,COST,,,,,,,,,,,,,21590000000.0,19779000000.0,18537000000.0,16387000000.0
Gross Profit,,,,,COST,,,,,,,,,,,,,29704000000.0,27572000000.0,25245000000.0,21822000000.0
Cost Of Revenue,,,,,COST,,,,,,,,,,,,,212586000000.0,199382000000.0,170684000000.0,144939000000.0
Total Revenue,,,,,COST,,,,,,,,,,,,,242290000000.0,226954000000.0,195929000000.0,166761000000.0
Operating Revenue,,,,,COST,,,,,,,,,,,,,242290000000.0,226954000000.0,195929000000.0,166761000000.0
Tax Effect Of Unusual Items,,,,,CRM,,,,,-202400000.0,-224070000.0,69561357.70235,585900000.0,,,,,,,,
Tax Rate For Calcs,,,,,CRM,,,,,0.16,0.21,0.057441,0.27,,,,,,,,
Normalized EBITDA,,,,,CRM,,,,,11223000000.0,6711000000.0,2635000000.0,1131000000.0,,,,,,,,
Total Unusual Items,,,,,CRM,,,,,-1265000000.0,-1067000000.0,1211000000.0,2170000000.0,,,,,,,,
Total Unusual Items Excluding Goodwill,,,,,CRM,,,,,-1265000000.0,-1067000000.0,1211000000.0,2170000000.0,,,,,,,,
Net Income From Continuing Operation Net Minority Interest,,,,,CRM,,,,,4136000000.0,208000000.0,1444000000.0,4072000000.0,,,,,,,,
Reconciled Depreciation,,,,,CRM,,,,,3959000000.0,3786000000.0,3298000000.0,2846000000.0,,,,,,,,
Reconciled Cost Of Revenue,,,,,CRM,,,,,5473000000.0,5490000000.0,4455000000.0,5438000000.0,,,,,,,,
EBITDA,,,,,CRM,,,,,9958000000.0,5644000000.0,3846000000.0,3301000000.0,,,,,,,,
EBIT,,,,,CRM,,,,,5999000000.0,1858000000.0,548000000.0,455000000.0,,,,,,,,
Normalized Income,,,,,CRM,,,,,5198600000.0,1050930000.0,302561357.70235,2487900000.0,,,,,,,,
Net Income From Continuing And Discontinued Operation,,,,,CRM,,,,,4136000000.0,208000000.0,1444000000.0,4072000000.0,,,,,,,,
Total Expenses,,,,,CRM,,,,,28858000000.0,29494000000.0,25944000000.0,20797000000.0,,,,,,,,
Total Operating Income As Reported,,,,,CRM,,,,,5011000000.0,1030000000.0,548000000.0,455000000.0,,,,,,,,
Diluted Average Shares,,,,,CRM,,,,,984000000.0,997000000.0,974000000.0,930000000.0,,,,,,,,
Basic Average Shares,,,,,CRM,,,,,974000000.0,992000000.0,955000000.0,908000000.0,,,,,,,,
Diluted EPS,,,,,CRM,,,,,4.2,0.21,1.48,4.38,,,,,,,,
Basic EPS,,,,,CRM,,,,,4.25,0.21,1.51,4.48,,,,,,,,
Diluted NI Availto Com Stockholders,,,,,CRM,,,,,4136000000.0,208000000.0,1444000000.0,4072000000.0,,,,,,,,
Net Income Common Stockholders,,,,,CRM,,,,,4136000000.0,208000000.0,1444000000.0,4072000000.0,,,,,,,,
Net Income,,,,,CRM,,,,,4136000000.0,208000000.0,1444000000.0,4072000000.0,,,,,,,,
Net Income Including Noncontrolling Interests,,,,,CRM,,,,,4136000000.0,208000000.0,1444000000.0,4072000000.0,,,,,,,,
Net Income Continuous Operations,,,,,CRM,,,,,4136000000.0,208000000.0,1444000000.0,4072000000.0,,,,,,,,
Tax Provision,,,,,CRM,,,,,814000000.0,452000000.0,88000000.0,-1511000000.0,,,,,,,,
Pretax Income,,,,,CRM,,,,,4950000000.0,660000000.0,1532000000.0,2561000000.0,,,,,,,,
Other Income Expense,,,,,CRM,,,,,-1049000000.0,-1198000000.0,984000000.0,2106000000.0,,,,,,,,
Other Non Operating Income Expenses,,,,,CRM,,,,,216000000.0,-131000000.0,-227000000.0,-64000000.0,,,,,,,,
Special Income Charges,,,,,CRM,,,,,-1454000000.0,-1319000000.0,-51000000.0,-124000000.0,,,,,,,,
Write Off,,,,,CRM,,,,,466000000.0,491000000.0,51000000.0,124000000.0,,,,,,,,
Restructuring And Mergern Acquisition,,,,,CRM,,,,,988000000.0,828000000.0,0.0,0.0,,,,,,,,
Gain On Sale Of Security,,,,,CRM,,,,,189000000.0,252000000.0,1262000000.0,2294000000.0,,,,,,,,
Operating Income,,,,,CRM,,,,,5999000000.0,1858000000.0,548000000.0,455000000.0,,,,,,,,
Operating Expense,,,,,CRM,,,,,20317000000.0,21134000000.0,18918000000.0,15359000000.0,,,,,,,,
Depreciation Amortization Depletion Income Statement,,,,,CRM,,,,,891000000.0,916000000.0,727000000.0,,,,,,,,,
Depreciation And Amortization In Income Statement,,,,,CRM,,,,,891000000.0,916000000.0,727000000.0,,,,,,,,,
Amortization,,,,,CRM,,,,,891000000.0,916000000.0,727000000.0,,,,,,,,,
Amortization Of Intangibles Income Statement,,,,,CRM,,,,,891000000.0,916000000.0,727000000.0,,,,,,,,,
Research And Development,,,,,CRM,,,,,4906000000.0,5055000000.0,4465000000.0,3598000000.0,,,,,,,,
Selling General And Administration,,,,,CRM,,,,,14520000000.0,15163000000.0,13726000000.0,11761000000.0,,,,,,,,
Selling And Marketing Expense,,,,,CRM,,,,,10924000000.0,11354000000.0,10024000000.0,9674000000.0,,,,,,,,
General And Administrative Expense,,,,,CRM,,,,,3596000000.0,3809000000.0,3702000000.0,2087000000.0,,,,,,,,
Other Gand A,,,,,CRM,,,,,2534000000.0,2553000000.0,2598000000.0,2087000000.0,,,,,,,,
Salaries And Wages,,,,,CRM,,,,,1062000000.0,1256000000.0,1104000000.0,,,,,,,,,
Gross Profit,,,,,CRM,,,,,26316000000.0,22992000000.0,19466000000.0,15814000000.0,,,,,,,,
Cost Of Revenue,,,,,CRM,,,,,8541000000.0,8360000000.0,7026000000.0,5438000000.0,,,,,,,,
Total Revenue,,,,,CRM,,,,,34857000000.0,31352000000.0,26492000000.0,21252000000.0,,,,,,,,
Operating Revenue,,,,,CRM,,,,,34857000000.0,31352000000.0,26492000000.0,21252000000.0,,,,,,,,
Tax Effect Of Unusual Items,,,,,BAC,,,,,,,,,0.0,0.0,0.0,0.0,,,,
Tax Rate For Calcs,,,,,BAC,,,,,,,,,0.064,0.111,0.058806,0.057963,,,,
Net Income From Continuing Operation Net Minority Interest,,,,,BAC,,,,,,,,,26515000000.0,27528000000.0,31978000000.0,17894000000.0,,,,
Reconciled Depreciation,,,,,BAC,,,,,,,,,2057000000.0,1978000000.0,1898000000.0,1843000000.0,,,,
Net Interest Income,,,,,BAC,,,,,,,,,56931000000.0,52462000000.0,42934000000.0,43360000000.0,,,,
Interest Expense,,,,,BAC,,,,,,,,,73331000000.0,20103000000.0,4738000000.0,8225000000.0,,,,
Interest Income,,,,,BAC,,,,,,,,,130262000000.0,72565000000.0,47672000000.0,51585000000.0,,,,
Normalized Income,,,,,BAC,,,,,,,,,26515000000.0,27528000000.0,31978000000.0,17894000000.0,,,,
Net Income From Continuing And Discontinued Operation,,,,,BAC,,,,,,,,,26515000000.0,27528000000.0,31978000000.0,17894000000.0,,,,
Diluted Average Shares,,,,,BAC,,,,,,,,,8080500000.0,8167500000.0,8558400000.0,8796900000.0,,,,
Basic Average Shares,,,,,BAC,,,,,,,,,8028600000.0,8113700000.0,8493300000.0,8753200000.0,,,,
Diluted EPS,,,,,BAC,,,,,,,,,3.08,3.19,3.57,1.87,,,,
Basic EPS,,,,,BAC,,,,,,,,,3.1,3.21,3.6,1.88,,,,
Diluted NI Availto Com Stockholders,,,,,BAC,,,,,,,,,24866000000.0,26015000000.0,30557000000.0,16473000000.0,,,,
Net Income Common Stockholders,,,,,BAC,,,,,,,,,24866000000.0,26015000000.0,30557000000.0,16473000000.0,,,,
Otherunder Preferred Stock Dividend,,,,,BAC,,,,,,,,,,1513000000.0,1421000000.0,1421000000.0,,,,
Preferred Stock Dividends,,,,,BAC,,,,,,,,,1649000000.0,1513000000.0,1421000000.0,1421000000.0,,,,
Net Income,,,,,BAC,,,,,,,,,26515000000.0,27528000000.0,31978000000.0,17894000000.0,,,,
Net Income Including Noncontrolling Interests,,,,,BAC,,,,,,,,,26515000000.0,27528000000.0,31978000000.0,17894000000.0,,,,
Net Income Continuous Operations,,,,,BAC,,,,,,,,,26515000000.0,27528000000.0,31978000000.0,17894000000.0,,,,
Tax Provision,,,,,BAC,,,,,,,,,1827000000.0,3441000000.0,1998000000.0,1101000000.0,,,,
Pretax Income,,,,,BAC,,,,,,,,,28342000000.0,30969000000.0,33976000000.0,18995000000.0,,,,
Gain On Sale Of Security,,,,,BAC,,,,,,,,,0.0,0.0,0.0,0.0,,,,
Selling General And Administration,,,,,BAC,,,,,,,,,49815000000.0,45946000000.0,45049000000.0,41156000000.0,,,,
Selling And Marketing Expense,,,,,BAC,,,,,,,,,5535000000.0,5478000000.0,5820000000.0,5134000000.0,,,,
General And Administrative Expense,,,,,BAC,,,,,,,,,44280000000.0,40468000000.0,39229000000.0,36022000000.0,,,,
Other Gand A,,,,,BAC,,,,,,,,,5950000000.0,4021000000.0,3089000000.0,3297000000.0,,,,
Salaries And Wages,,,,,BAC,,,,,,,,,38330000000.0,36447000000.0,36140000000.0,32725000000.0,,,,
Total Revenue,,,,,BAC,,,,,,,,,98581000000.0,94950000000.0,89113000000.0,85528000000.0,,,,
Operating Revenue,,,,,BAC,,,,,,,,,98581000000.0,94950000000.0,89113000000.0,85528000000.0,,,,
Tax Effect Of Unusual Items,,,,,KO,,,,,,,,,-183396000.0,-284532000.0,-154241000.0,-147784000.0,,,,
Tax Rate For Calcs,,,,,KO,,,,,,,,,0.174,0.181,0.211,0.203,,,,
Normalized EBITDA,,,,,KO,,,,,,,,,16661000000.0,15400000000.0,16205000000.0,13450000000.0,,,,
Total Unusual Items,,,,,KO,,,,,,,,,-1054000000.0,-1572000000.0,-731000000.0,-728000000.0,,,,
Total Unusual Items Excluding Goodwill,,,,,KO,,,,,,,,,-1054000000.0,-1572000000.0,-731000000.0,-728000000.0,,,,
Net Income From Continuing Operation Net Minority Interest,,,,,KO,,,,,,,,,10714000000.0,9542000000.0,9771000000.0,7747000000.0,,,,
Reconciled Depreciation,,,,,KO,,,,,,,,,1128000000.0,1260000000.0,1452000000.0,1536000000.0,,,,
Reconciled Cost Of Revenue,,,,,KO,,,,,,,,,17407000000.0,18000000000.0,15357000000.0,13433000000.0,,,,
EBITDA,,,,,KO,,,,,,,,,15607000000.0,13828000000.0,15474000000.0,12722000000.0,,,,
EBIT,,,,,KO,,,,,,,,,14479000000.0,12568000000.0,14022000000.0,11186000000.0,,,,
Net Interest Income,,,,,KO,,,,,,,,,-620000000.0,-433000000.0,-1321000000.0,-1067000000.0,,,,
Interest Expense,,,,,KO,,,,,,,,,1527000000.0,882000000.0,1597000000.0,1437000000.0,,,,
Interest Income,,,,,KO,,,,,,,,,907000000.0,449000000.0,276000000.0,370000000.0,,,,
Normalized Income,,,,,KO,,,,,,,,,11584604000.0,10829468000.0,10347759000.0,8327216000.0,,,,
Net Income From Continuing And Discontinued Operation,,,,,KO,,,,,,,,,10714000000.0,9542000000.0,9771000000.0,7747000000.0,,,,
Total Expenses,,,,,KO,,,,,,,,,32738000000.0,30962000000.0,27616000000.0,23289000000.0,,,,
Total Operating Income As Reported,,,,,KO,,,,,,,,,11311000000.0,10909000000.0,10308000000.0,8997000000.0,,,,
Diluted Average Shares,,,,,KO,,,,,,,,,4339000000.0,4350000000.0,4340000000.0,4323000000.0,,,,
Basic Average Shares,,,,,KO,,,,,,,,,4323000000.0,4328000000.0,4315000000.0,4295000000.0,,,,
Diluted EPS,,,,,KO,,,,,,,,,2.47,2.19,2.25,1.79,,,,
Basic EPS,,,,,KO,,,,,,,,,2.48,2.2,2.26,1.8,,,,
Diluted NI Availto Com Stockholders,,,,,KO,,,,,,,,,10714000000.0,9542000000.0,9771000000.0,7747000000.0,,,,
Net Income Common Stockholders,,,,,KO,,,,,,,,,10714000000.0,9542000000.0,9771000000.0,7747000000.0,,,,
Net Income,,,,,KO,,,,,,,,,10714000000.0,9542000000.0,9771000000.0,7747000000.0,,,,
Minority Interests,,,,,KO,,,,,,,,,11000000.0,-29000000.0,-33000000.0,-21000000.0,,,,
Net Income Including Noncontrolling Interests,,,,,KO,,,,,,,,,10703000000.0,9571000000.0,9804000000.0,7768000000.0,,,,
Net Income Continuous Operations,,,,,KO,,,,,,,,,10703000000.0,9571000000.0,9804000000.0,7768000000.0,,,,
Tax Provision,,,,,KO,,,,,,,,,2249000000.0,2115000000.0,2621000000.0,1981000000.0,,,,
Pretax Income,,,,,KO,,,,,,,,,12952000000.0,11686000000.0,12425000000.0,9749000000.0,,,,
Other Income Expense,,,,,KO,,,,,,,,,556000000.0,77000000.0,2707000000.0,1091000000.0,,,,
Other Non Operating Income Expenses,,,,,KO,,,,,,,,,-81000000.0,201000000.0,2000000000.0,841000000.0,,,,
Special Income Charges,,,,,KO,,,,,,,,,-1239000000.0,-1076000000.0,-731000000.0,-728000000.0,,,,
Gain On Sale Of Ppe,,,,,KO,,,,,,,,,-35000000.0,,,,,,,
Gain On Sale Of Business,,,,,KO,,,,,,,,,94000000.0,,809000000.0,-33000000.0,,,,
Other Special Charges,,,,,KO,,,,,,,,,8000000.0,,15000000.0,,,,,
Write Off,,,,,KO,,,,,,,,,,96000000.0,,,,,,
Impairment Of Capital Assets,,,,,KO,,,,,,,,,,57000000.0,78000000.0,215000000.0,,,,
Restructuring And Mergern Acquisition,,,,,KO,,,,,,,,,1290000000.0,923000000.0,638000000.0,480000000.0,,,,
Earnings From Equity Interest,,,,,KO,,,,,,,,,1691000000.0,1448000000.0,1438000000.0,978000000.0,,,,
Gain On Sale Of Security,,,,,KO,,,,,,,,,185000000.0,-496000000.0,467000000.0,,,,,
Net Non Operating Interest Income Expense,,,,,KO,,,,,,,,,-620000000.0,-433000000.0,-1321000000.0,-1067000000.0,,,,
Interest Expense Non Operating,,,,,KO,,,,,,,,,1527000000.0,882000000.0,1597000000.0,1437000000.0,,,,
Interest Income Non Operating,,,,,KO,,,,,,,,,907000000.0,449000000.0,276000000.0,370000000.0,,,,
Operating Income,,,,,KO,,,,,,,,,13016000000.0,12042000000.0,11039000000.0,9725000000.0,,,,
Operating Expense,,,,,KO,,,,,,,,,14218000000.0,12962000000.0,12259000000.0,9856000000.0,,,,
Other Operating Expenses,,,,,KO,,,,,,,,,6273000000.0,5520000000.0,115000000.0,125000000.0,,,,
Depreciation Amortization Depletion Income Statement,,,,,KO,,,,,,,,,15000000.0,,,,,,,
Depreciation And Amortization In Income Statement,,,,,KO,,,,,,,,,15000000.0,,,,,,,
Amortization,,,,,KO,,,,,,,,,15000000.0,,,,,,,
Amortization Of Intangibles Income Statement,,,,,KO,,,,,,,,,15000000.0,,,,,,,
Selling General And Administration,,,,,KO,,,,,,,,,7930000000.0,7442000000.0,12144000000.0,9731000000.0,,,,
Selling And Marketing Expense,,,,,KO,,,,,,,,,7609000000.0,7086000000.0,6672000000.0,5415000000.0,,,,
General And Administrative Expense,,,,,KO,,,,,,,,,321000000.0,356000000.0,337000000.0,126000000.0,,,,
Other Gand A,,,,,KO,,,,,,,,,,,5135000000.0,4190000000.0,,,,
Salaries And Wages,,,,,KO,,,,,,,,,321000000.0,356000000.0,337000000.0,126000000.0,,,,
Gross Profit,,,,,KO,,,,,,,,,27234000000.0,25004000000.0,23298000000.0,19581000000.0,,,,
Cost Of Revenue,,,,,KO,,,,,,,,,18520000000.0,18000000000.0,15357000000.0,13433000000.0,,,,
Total Revenue,,,,,KO,,,,,,,,,45754000000.0,43004000000.0,38655000000.0,33014000000.0,,,,
Operating Revenue,,,,,KO,,,,,,,,,45754000000.0,43004000000.0,38655000000.0,33014000000.0,,,,
